ano;cargo;territorio;votos;votos_validos;percentual_validos;contribuicao_total_candidato;bairro;zona;local;endereco;latitude;longitude
2012;Vereador;FLORIANÓPOLIS;1491;236540;0.63033736;100.0;;;;;;
2016;Vereador;FLORIANÓPOLIS;3326;241594;1.37668982;100.0;;;;;;
2018;Deputado Estadual;FLORIANÓPOLIS;13198;248046;5.32078727;40.59424213;;;;;;
2018;Deputado Estadual;SÃO JOSÉ;4282;118786;3.60480191;13.17052165;;;;;;
2018;Deputado Estadual;PALHOÇA;2523;85926;2.93624747;7.76021161;;;;;;
2018;Deputado Estadual;JOINVILLE;1601;287926;0.55604565;4.92433563;;;;;;
2018;Deputado Estadual;BLUMENAU;1187;177754;0.66777682;3.65095965;;;;;;
2018;Deputado Estadual;BIGUAÇU;794;34973;2.27032282;2.4421752;;;;;;
2018;Deputado Estadual;BALNEÁRIO CAMBORIÚ;538;63702;0.84455747;1.65477362;;;;;;
2018;Deputado Estadual;CRICIÚMA;531;104124;0.50996888;1.63324311;;;;;;
2018;Deputado Estadual;TUBARÃO;514;55433;0.9272455;1.58095472;;;;;;
2018;Deputado Estadual;SANTO AMARO DA IMPERATRIZ;447;13107;3.41039139;1.37487697;;;;;;
2018;Deputado Estadual;JARAGUÁ DO SUL;350;84708;0.41318411;1.07652559;;;;;;
2018;Deputado Estadual;ITAPEMA;339;29390;1.15345356;1.04269193;;;;;;
2018;Deputado Estadual;ITAJAÍ;330;103586;0.31857587;1.01500984;;;;;;
2018;Deputado Estadual;GOVERNADOR CELSO RAMOS;298;10047;2.96605952;0.91658465;;;;;;
2018;Deputado Estadual;BRUSQUE;293;64141;0.4568061;0.90120571;;;;;;
2018;Deputado Estadual;CHAPECÓ;234;107569;0.21753479;0.71973425;;;;;;
2018;Deputado Estadual;IMBITUBA;212;24104;0.87952207;0.65206693;;;;;;
2018;Deputado Estadual;LAGES;210;86970;0.24146257;0.64591535;;;;;;
2018;Deputado Estadual;CONCÓRDIA;175;42117;0.41550918;0.5382628;;;;;;
2018;Deputado Estadual;TIMBÓ;163;23987;0.67953475;0.50135335;;;;;;
2018;Deputado Estadual;JOAÇABA;145;16427;0.88269313;0.44598917;;;;;;
2018;Deputado Estadual;RIO DO SUL;115;31173;0.36890899;0.35371555;;;;;;
2018;Deputado Estadual;GASPAR;115;33494;0.34334508;0.35371555;;;;;;
2018;Deputado Estadual;TIJUCAS;112;18850;0.59416446;0.34448819;;;;;;
2018;Deputado Estadual;ANTÔNIO CARLOS;110;6182;1.77935943;0.33833661;;;;;;
2018;Deputado Estadual;GAROPABA;110;12727;0.86430424;0.33833661;;;;;;
2018;Deputado Estadual;ARARANGUÁ;99;36396;0.27200791;0.30450295;;;;;;
2018;Deputado Estadual;CAMBORIÚ;89;35736;0.24904858;0.27374508;;;;;;
2018;Deputado Estadual;CAPINZAL;89;11943;0.7452064;0.27374508;;;;;;
2018;Deputado Estadual;LAGUNA;87;24903;0.3493555;0.2675935;;;;;;
2018;Deputado Estadual;NOVA TRENTO;84;7472;1.124197;0.25836614;;;;;;
2018;Deputado Estadual;SÃO BENTO DO SUL;84;42406;0.19808518;0.25836614;;;;;;
2018;Deputado Estadual;SÃO JOSÉ DO CERRITO;79;5266;1.5001899;0.2429872;;;;;;
2018;Deputado Estadual;CAPIVARI DE BAIXO;79;12207;0.64716966;0.2429872;;;;;;
2018;Deputado Estadual;SÃO JOÃO BATISTA;73;15449;0.47252249;0.22453248;;;;;;
2018;Deputado Estadual;HERVAL D OESTE;71;11957;0.59379443;0.21838091;;;;;;
2018;Deputado Estadual;CAÇADOR;68;34578;0.19665683;0.20915354;;;;;;
2018;Deputado Estadual;PORTO BELO;64;9694;0.66020219;0.19685039;;;;;;
2018;Deputado Estadual;INDAIAL;64;31330;0.20427705;0.19685039;;;;;;
2018;Deputado Estadual;VARGEM;61;1964;3.10590631;0.18762303;;;;;;
2018;Deputado Estadual;NAVEGANTES;55;33301;0.16516021;0.16916831;;;;;;
2018;Deputado Estadual;POMERODE;54;17496;0.30864198;0.16609252;;;;;;
2018;Deputado Estadual;CAMPOS NOVOS;52;17930;0.29001673;0.15994094;;;;;;
2018;Deputado Estadual;GUARAMIRIM;50;20536;0.24347487;0.15378937;;;;;;
2018;Deputado Estadual;ÁGUAS MORNAS;48;4241;1.13180854;0.1476378;;;;;;
2018;Deputado Estadual;TIMBÓ GRANDE;45;3686;1.22083559;0.13841043;;;;;;
2018;Deputado Estadual;IÇARA;44;29842;0.1474432;0.13533465;;;;;;
2018;Deputado Estadual;MAFRA;42;26981;0.1556651;0.12918307;;;;;;
2018;Deputado Estadual;VIDEIRA;40;25548;0.15656803;0.1230315;;;;;;
2018;Deputado Estadual;ANGELINA;40;3845;1.04031209;0.1230315;;;;;;
2018;Deputado Estadual;URUBICI;40;5672;0.70521862;0.1230315;;;;;;
2018;Deputado Estadual;PAULO LOPES;40;4878;0.8200082;0.1230315;;;;;;
2018;Deputado Estadual;SOMBRIO;37;15876;0.23305619;0.11380413;;;;;;
2018;Deputado Estadual;BOMBINHAS;36;10305;0.34934498;0.11072835;;;;;;
2018;Deputado Estadual;URUSSANGA;36;12029;0.29927675;0.11072835;;;;;;
2018;Deputado Estadual;RODEIO;35;6713;0.52137643;0.10765256;;;;;;
2018;Deputado Estadual;SÃO FRANCISCO DO SUL;34;23609;0.14401288;0.10457677;;;;;;
2018;Deputado Estadual;RANCHO QUEIMADO;33;2102;1.5699334;0.10150098;;;;;;
2018;Deputado Estadual;SÃO PEDRO DE ALCÂNTARA;33;2960;1.11486486;0.10150098;;;;;;
2018;Deputado Estadual;SÃO MIGUEL DO OESTE;33;21135;0.15613911;0.10150098;;;;;;
2018;Deputado Estadual;SIDERÓPOLIS;32;7912;0.40444894;0.0984252;;;;;;
2018;Deputado Estadual;TRÊS BARRAS;32;9594;0.3335418;0.0984252;;;;;;
2018;Deputado Estadual;BALNEÁRIO PIÇARRAS;31;10276;0.3016738;0.09534941;;;;;;
2018;Deputado Estadual;PENHA;31;13464;0.23024361;0.09534941;;;;;;
2018;Deputado Estadual;ALFREDO WAGNER;31;5866;0.52846914;0.09534941;;;;;;
2018;Deputado Estadual;ITUPORANGA;29;12003;0.24160627;0.08919783;;;;;;
2018;Deputado Estadual;CANOINHAS;29;29722;0.09757082;0.08919783;;;;;;
2018;Deputado Estadual;XANXERÊ;29;24158;0.12004305;0.08919783;;;;;;
2018;Deputado Estadual;GRAVATAL;28;6871;0.40750982;0.08612205;;;;;;
2018;Deputado Estadual;LUIZ ALVES;28;6807;0.41134127;0.08612205;;;;;;
2018;Deputado Estadual;LONTRAS;27;4285;0.63010502;0.08304626;;;;;;
2018;Deputado Estadual;BARRA VELHA;26;15097;0.17221965;0.07997047;;;;;;
2018;Deputado Estadual;JAGUARUNA;26;10631;0.24456777;0.07997047;;;;;;
2018;Deputado Estadual;FRAIBURGO;24;18319;0.13101152;0.0738189;;;;;;
2018;Deputado Estadual;SÃO JOAQUIM;24;13008;0.18450185;0.0738189;;;;;;
2018;Deputado Estadual;COCAL DO SUL;24;9762;0.24585126;0.0738189;;;;;;
2018;Deputado Estadual;PORTO UNIÃO;24;16357;0.14672617;0.0738189;;;;;;
2018;Deputado Estadual;CURITIBANOS;23;19932;0.11539233;0.07074311;;;;;;
2018;Deputado Estadual;ITAPIRANGA;23;8932;0.25750112;0.07074311;;;;;;
2018;Deputado Estadual;GUABIRUBA;23;11460;0.20069808;0.07074311;;;;;;
2018;Deputado Estadual;PONTE SERRADA;22;5740;0.38327526;0.06766732;;;;;;
2018;Deputado Estadual;XAXIM;22;15506;0.14188056;0.06766732;;;;;;
2018;Deputado Estadual;AGROLÂNDIA;22;5011;0.43903412;0.06766732;;;;;;
2018;Deputado Estadual;OTACÍLIO COSTA;21;9022;0.23276435;0.06459154;;;;;;
2018;Deputado Estadual;RIO NEGRINHO;21;21155;0.09926731;0.06459154;;;;;;
2018;Deputado Estadual;CANELINHA;21;6264;0.33524904;0.06459154;;;;;;
2018;Deputado Estadual;SCHROEDER;21;9567;0.21950455;0.06459154;;;;;;
2018;Deputado Estadual;BOM RETIRO;21;4738;0.44322499;0.06459154;;;;;;
2018;Deputado Estadual;SEARA;21;9671;0.21714404;0.06459154;;;;;;
2018;Deputado Estadual;SÃO LOURENÇO DO OESTE;19;12556;0.15132208;0.05843996;;;;;;
2018;Deputado Estadual;MARAVILHA;18;13841;0.13004841;0.05536417;;;;;;
2018;Deputado Estadual;ORLEANS;18;14231;0.12648444;0.05536417;;;;;;
2018;Deputado Estadual;RIO DOS CEDROS;18;6218;0.28948215;0.05536417;;;;;;
2018;Deputado Estadual;BRAÇO DO NORTE;17;18478;0.0920013;0.05228839;;;;;;
2018;Deputado Estadual;NOVA VENEZA;17;9111;0.18658764;0.05228839;;;;;;
2018;Deputado Estadual;FORQUILHINHA;17;15027;0.1131297;0.05228839;;;;;;
2018;Deputado Estadual;TUNÁPOLIS;17;2938;0.57862491;0.05228839;;;;;;
2018;Deputado Estadual;IMARUÍ;17;6376;0.26662484;0.05228839;;;;;;
2018;Deputado Estadual;CORUPÁ;17;8407;0.20221244;0.05228839;;;;;;
2018;Deputado Estadual;SÃO BONIFÁCIO;14;2019;0.69341258;0.04306102;;;;;;
2018;Deputado Estadual;ITAPOÁ;14;9009;0.15540016;0.04306102;;;;;;
2018;Deputado Estadual;CATANDUVAS;14;5527;0.25330197;0.04306102;;;;;;
2018;Deputado Estadual;OURO;14;4339;0.32265499;0.04306102;;;;;;
2018;Deputado Estadual;MORRO DA FUMAÇA;13;9991;0.13011711;0.03998524;;;;;;
2018;Deputado Estadual;LUZERNA;13;3772;0.34464475;0.03998524;;;;;;
2018;Deputado Estadual;FAXINAL DOS GUEDES;12;6150;0.19512195;0.03690945;;;;;;
2018;Deputado Estadual;TREZE DE MAIO;12;4871;0.24635598;0.03690945;;;;;;
2018;Deputado Estadual;SANTA CECÍLIA;11;8149;0.13498589;0.03383366;;;;;;
2018;Deputado Estadual;ANITA GARIBALDI;11;4676;0.2352438;0.03383366;;;;;;
2018;Deputado Estadual;PASSO DE TORRES;11;4143;0.26550809;0.03383366;;;;;;
2018;Deputado Estadual;ASCURRA;11;4472;0.24597496;0.03383366;;;;;;
2018;Deputado Estadual;IPUMIRIM;11;4392;0.25045537;0.03383366;;;;;;
2018;Deputado Estadual;SÃO CARLOS;11;6194;0.17759122;0.03383366;;;;;;
2018;Deputado Estadual;MONTE CASTELO;11;4710;0.23354565;0.03383366;;;;;;
2018;Deputado Estadual;POUSO REDONDO;11;7591;0.14490844;0.03383366;;;;;;
2018;Deputado Estadual;CAMPO BELO DO SUL;11;4184;0.26290631;0.03383366;;;;;;
2018;Deputado Estadual;ITAIÓPOLIS;10;10264;0.0974279;0.03075787;;;;;;
2018;Deputado Estadual;BALNEÁRIO ARROIO DO SILVA;10;7313;0.13674279;0.03075787;;;;;;
2018;Deputado Estadual;BENEDITO NOVO;10;6165;0.162206;0.03075787;;;;;;
2018;Deputado Estadual;PRAIA GRANDE;10;4586;0.21805495;0.03075787;;;;;;
2018;Deputado Estadual;PESCARIA BRAVA;10;5721;0.17479462;0.03075787;;;;;;
2018;Deputado Estadual;RIO DO OESTE;10;4187;0.23883449;0.03075787;;;;;;
2018;Deputado Estadual;TAIÓ;10;9932;0.10068466;0.03075787;;;;;;
2018;Deputado Estadual;ARAQUARI;10;13105;0.07630675;0.03075787;;;;;;
2018;Deputado Estadual;MASSARANDUBA;10;9011;0.11097547;0.03075787;;;;;;
2018;Deputado Estadual;SAUDADES;9;5966;0.15085484;0.02768209;;;;;;
2018;Deputado Estadual;ZORTÉA;9;2058;0.43731778;0.02768209;;;;;;
2018;Deputado Estadual;SÃO JOSÉ DO CEDRO;9;7975;0.11285266;0.02768209;;;;;;
2018;Deputado Estadual;CAPÃO ALTO;9;2083;0.43206913;0.02768209;;;;;;
2018;Deputado Estadual;BALNEÁRIO RINCÃO;9;7834;0.11488384;0.02768209;;;;;;
2018;Deputado Estadual;LEOBERTO LEAL;9;2244;0.40106952;0.02768209;;;;;;
2018;Deputado Estadual;ARMAZÉM;9;5073;0.17740982;0.02768209;;;;;;
2018;Deputado Estadual;IRANI;9;5274;0.17064846;0.02768209;;;;;;
2018;Deputado Estadual;AGRONÔMICA;8;2984;0.26809651;0.0246063;;;;;;
2018;Deputado Estadual;ABELARDO LUZ;8;8969;0.08919612;0.0246063;;;;;;
2018;Deputado Estadual;ILHOTA;8;7781;0.10281455;0.0246063;;;;;;
2018;Deputado Estadual;PINHALZINHO;8;11024;0.07256894;0.0246063;;;;;;
2018;Deputado Estadual;IPUAÇU;8;3770;0.21220159;0.0246063;;;;;;
2018;Deputado Estadual;IBIRAMA;8;9488;0.08431703;0.0246063;;;;;;
2018;Deputado Estadual;SALETE;8;4262;0.1877053;0.0246063;;;;;;
2018;Deputado Estadual;LACERDÓPOLIS;8;1546;0.51746442;0.0246063;;;;;;
2018;Deputado Estadual;PEDRAS GRANDES;8;3048;0.26246719;0.0246063;;;;;;
2018;Deputado Estadual;TREVISO;7;3189;0.21950455;0.02153051;;;;;;
2018;Deputado Estadual;ITÁ;7;4161;0.16822879;0.02153051;;;;;;
2018;Deputado Estadual;JACINTO MACHADO;7;6854;0.10213014;0.02153051;;;;;;
2018;Deputado Estadual;AURORA;7;3233;0.21651717;0.02153051;;;;;;
2018;Deputado Estadual;BALNEÁRIO BARRA DO SUL;7;6448;0.10856079;0.02153051;;;;;;
2018;Deputado Estadual;QUILOMBO;6;6326;0.09484666;0.01845472;;;;;;
2018;Deputado Estadual;SÃO MARTINHO;6;2577;0.23282887;0.01845472;;;;;;
2018;Deputado Estadual;TURVO;6;7706;0.07786141;0.01845472;;;;;;
2018;Deputado Estadual;MELEIRO;6;4711;0.12736149;0.01845472;;;;;;
2018;Deputado Estadual;MONTE CARLO;5;5017;0.09966115;0.01537894;;;;;;
2018;Deputado Estadual;LAURO MÜLLER;5;9480;0.05274262;0.01537894;;;;;;
2018;Deputado Estadual;CORREIA PINTO;5;8470;0.05903188;0.01537894;;;;;;
2018;Deputado Estadual;DIONÍSIO CERQUEIRA;5;7877;0.06347594;0.01537894;;;;;;
2018;Deputado Estadual;PALMITOS;5;8949;0.05587216;0.01537894;;;;;;
2018;Deputado Estadual;APIÚNA;5;5860;0.08532423;0.01537894;;;;;;
2018;Deputado Estadual;PONTE ALTA;5;2952;0.16937669;0.01537894;;;;;;
2018;Deputado Estadual;VARGEM BONITA;5;2986;0.16744809;0.01537894;;;;;;
2018;Deputado Estadual;BELA VISTA DO TOLDO;5;3738;0.13376137;0.01537894;;;;;;
2018;Deputado Estadual;PERITIBA;5;2120;0.23584906;0.01537894;;;;;;
2018;Deputado Estadual;SÃO JOÃO DO ITAPERIÚ;5;2614;0.19127774;0.01537894;;;;;;
2018;Deputado Estadual;LINDÓIA DO SUL;5;2692;0.18573551;0.01537894;;;;;;
2018;Deputado Estadual;PIRATUBA;5;3711;0.13473457;0.01537894;;;;;;
2018;Deputado Estadual;MODELO;5;2632;0.1899696;0.01537894;;;;;;
2018;Deputado Estadual;CAIBI;4;3575;0.11188811;0.01230315;;;;;;
2018;Deputado Estadual;TREZE TÍLIAS;4;4337;0.09222965;0.01230315;;;;;;
2018;Deputado Estadual;IPORÃ DO OESTE;4;5284;0.07570023;0.01230315;;;;;;
2018;Deputado Estadual;PAPANDUVA;4;9648;0.04145937;0.01230315;;;;;;
2018;Deputado Estadual;SÃO JOÃO DO OESTE;4;3808;0.10504202;0.01230315;;;;;;
2018;Deputado Estadual;BALNEÁRIO GAIVOTA;4;6033;0.06630201;0.01230315;;;;;;
2018;Deputado Estadual;SANTA ROSA DO SUL;4;5368;0.07451565;0.01230315;;;;;;
2018;Deputado Estadual;GRÃO-PARÁ;4;4482;0.08924587;0.01230315;;;;;;
2018;Deputado Estadual;GUATAMBÚ;4;4037;0.09908348;0.01230315;;;;;;
2018;Deputado Estadual;SÃO LUDGERO;4;7269;0.0550282;0.01230315;;;;;;
2018;Deputado Estadual;NOVA ERECHIM;4;2999;0.13337779;0.01230315;;;;;;
2018;Deputado Estadual;BRAÇO DO TROMBUDO;4;2044;0.19569472;0.01230315;;;;;;
2018;Deputado Estadual;BELMONTE;4;1794;0.22296544;0.01230315;;;;;;
2018;Deputado Estadual;JABORÁ;4;2787;0.1435235;0.01230315;;;;;;
2018;Deputado Estadual;CAXAMBU DO SUL;4;3388;0.11806375;0.01230315;;;;;;
2018;Deputado Estadual;ANITÁPOLIS;4;2236;0.17889088;0.01230315;;;;;;
2018;Deputado Estadual;GARUVA;4;7989;0.05006884;0.01230315;;;;;;
2018;Deputado Estadual;DESCANSO;4;5151;0.07765482;0.01230315;;;;;;
2018;Deputado Estadual;MARACAJÁ;3;4739;0.06330449;0.00922736;;;;;;
2018;Deputado Estadual;VITOR MEIRELES;3;2991;0.1003009;0.00922736;;;;;;
2018;Deputado Estadual;CAMPO ALEGRE;3;6498;0.04616805;0.00922736;;;;;;
2018;Deputado Estadual;ÁGUA DOCE;3;3893;0.07706139;0.00922736;;;;;;
2018;Deputado Estadual;RIO RUFINO;3;1706;0.17584994;0.00922736;;;;;;
2018;Deputado Estadual;TROMBUDO CENTRAL;3;3600;0.08333333;0.00922736;;;;;;
2018;Deputado Estadual;CUNHA PORÃ;3;6721;0.04463621;0.00922736;;;;;;
2018;Deputado Estadual;SÃO JOÃO DO SUL;3;4995;0.06006006;0.00922736;;;;;;
2018;Deputado Estadual;MAJOR GERCINO;3;2273;0.13198416;0.00922736;;;;;;
2018;Deputado Estadual;ATALANTA;3;2107;0.14238253;0.00922736;;;;;;
2018;Deputado Estadual;SANTA HELENA;2;1673;0.11954573;0.00615157;;;;;;
2018;Deputado Estadual;SÃO DOMINGOS;2;5528;0.03617945;0.00615157;;;;;;
2018;Deputado Estadual;RIO DO CAMPO;2;3705;0.05398111;0.00615157;;;;;;
2018;Deputado Estadual;VARGEÃO;2;2177;0.09186955;0.00615157;;;;;;
2018;Deputado Estadual;DOUTOR PEDRINHO;2;2226;0.08984726;0.00615157;;;;;;
2018;Deputado Estadual;NOVA ITABERABA;2;3170;0.06309148;0.00615157;;;;;;
2018;Deputado Estadual;MONDAÍ;2;5468;0.03657644;0.00615157;;;;;;
2018;Deputado Estadual;CAMPO ERÊ;2;5066;0.03947888;0.00615157;;;;;;
2018;Deputado Estadual;IBICARÉ;2;2284;0.08756567;0.00615157;;;;;;
2018;Deputado Estadual;RIO FORTUNA;2;3696;0.05411255;0.00615157;;;;;;
2018;Deputado Estadual;LAURENTINO;2;3839;0.0520969;0.00615157;;;;;;
2018;Deputado Estadual;PINHEIRO PRETO;2;1983;0.10085729;0.00615157;;;;;;
2018;Deputado Estadual;ROMELÂNDIA;2;2957;0.06763612;0.00615157;;;;;;
2018;Deputado Estadual;ÁGUAS FRIAS;2;1927;0.10378827;0.00615157;;;;;;
2018;Deputado Estadual;SUL BRASIL;2;1974;0.10131712;0.00615157;;;;;;
2018;Deputado Estadual;BOM JARDIM DA SERRA;2;2676;0.07473842;0.00615157;;;;;;
2018;Deputado Estadual;DONA EMMA;2;2185;0.09153318;0.00615157;;;;;;
2018;Deputado Estadual;FREI ROGÉRIO;2;1635;0.12232416;0.00615157;;;;;;
2018;Deputado Estadual;SALTO VELOSO;2;2537;0.07883327;0.00615157;;;;;;
2018;Deputado Estadual;IOMERÊ;2;2107;0.09492169;0.00615157;;;;;;
2018;Deputado Estadual;XAVANTINA;2;2847;0.07024939;0.00615157;;;;;;
2018;Deputado Estadual;TIMBÉ DO SUL;2;3548;0.05636979;0.00615157;;;;;;
2018;Deputado Estadual;IPIRA;2;2710;0.07380074;0.00615157;;;;;;
2018;Deputado Estadual;BOTUVERÁ;2;3266;0.06123699;0.00615157;;;;;;
2018;Deputado Estadual;BOCAINA DO SUL;2;2421;0.08261049;0.00615157;;;;;;
2018;Deputado Estadual;ENTRE RIOS;1;2194;0.04557885;0.00307579;;;;;;
2018;Deputado Estadual;WITMARSUM;1;2314;0.04321521;0.00307579;;;;;;
2018;Deputado Estadual;SANGÃO;1;6398;0.01562988;0.00307579;;;;;;
2018;Deputado Estadual;TANGARÁ;1;4817;0.02075981;0.00307579;;;;;;
2018;Deputado Estadual;PLANALTO ALEGRE;1;2144;0.04664179;0.00307579;;;;;;
2018;Deputado Estadual;CORONEL FREITAS;1;5942;0.01682935;0.00307579;;;;;;
2018;Deputado Estadual;IRACEMINHA;1;2747;0.03640335;0.00307579;;;;;;
2018;Deputado Estadual;FORMOSA DO SUL;1;1772;0.05643341;0.00307579;;;;;;
2018;Deputado Estadual;PRESIDENTE GETÚLIO;1;9075;0.01101928;0.00307579;;;;;;
2018;Deputado Estadual;RIQUEZA;1;2956;0.0338295;0.00307579;;;;;;
2018;Deputado Estadual;BRUNÓPOLIS;1;2125;0.04705882;0.00307579;;;;;;
2018;Deputado Estadual;PONTE ALTA DO NORTE;1;1847;0.05414185;0.00307579;;;;;;
2018;Deputado Estadual;JARDINÓPOLIS;1;1265;0.07905138;0.00307579;;;;;;
2018;Deputado Estadual;SANTIAGO DO SUL;1;1135;0.08810573;0.00307579;;;;;;
2018;Deputado Estadual;ARVOREDO;1;1873;0.05339028;0.00307579;;;;;;
2018;Deputado Estadual;IRATI;1;1465;0.06825939;0.00307579;;;;;;
2018;Deputado Estadual;NOVO HORIZONTE;1;1749;0.05717553;0.00307579;;;;;;
2018;Deputado Estadual;BOM JESUS DO OESTE;1;1391;0.07189073;0.00307579;;;;;;
2018;Deputado Estadual;URUPEMA;1;1745;0.05730659;0.00307579;;;;;;
2018;Deputado Estadual;ARABUTÃ;1;2759;0.03624502;0.00307579;;;;;;
2018;Deputado Estadual;IBIAM;1;1351;0.07401925;0.00307579;;;;;;
2018;Deputado Estadual;PETROLÂNDIA;1;3866;0.02586653;0.00307579;;;;;;
2018;Deputado Estadual;CORDILHEIRA ALTA;1;2904;0.03443526;0.00307579;;;;;;
2018;Deputado Estadual;SANTA ROSA DE LIMA;1;1563;0.06397953;0.00307579;;;;;;
2018;Deputado Estadual;LEBON RÉGIS;1;6126;0.01632387;0.00307579;;;;;;
2018;Deputado Estadual;PASSOS MAIA;1;2546;0.0392773;0.00307579;;;;;;
2018;Deputado Estadual;PRESIDENTE CASTELLO BRANCO;1;1294;0.07727975;0.00307579;;;;;;
2018;Deputado Estadual;PALMA SOLA;1;3888;0.02572016;0.00307579;;;;;;
2018;Deputado Estadual;CERRO NEGRO;1;2219;0.04506534;0.00307579;;;;;;
2018;Deputado Estadual;SÃO CRISTÓVÃO DO SUL;1;2404;0.04159734;0.00307579;;;;;;
2018;Deputado Estadual;ERVAL VELHO;1;2960;0.03378378;0.00307579;;;;;;
2018;Deputado Estadual;RIO DAS ANTAS;1;3856;0.02593361;0.00307579;;;;;;
2018;Deputado Estadual;UNIÃO DO OESTE;1;1909;0.05238345;0.00307579;;;;;;
2018;Deputado Estadual;ALTO BELA VISTA;1;1499;0.06671114;0.00307579;;;;;;
2018;Deputado Estadual;GUARACIABA;1;6566;0.01522997;0.00307579;;;;;;
2018;Deputado Estadual;PRESIDENTE NEREU;1;1379;0.07251632;0.00307579;;;;;;
2018;Deputado Estadual;IRINEÓPOLIS;1;5655;0.01768347;0.00307579;;;;;;
2018;Deputado Estadual;SÃO BERNARDINO;0;1819;0.0;0.0;;;;;;
2018;Deputado Estadual;VIDAL RAMOS;0;3921;0.0;0.0;;;;;;
2018;Deputado Estadual;PRINCESA;0;1827;0.0;0.0;;;;;;
2018;Deputado Estadual;BANDEIRANTE;0;2019;0.0;0.0;;;;;;
2018;Deputado Estadual;GALVÃO;0;2083;0.0;0.0;;;;;;
2018;Deputado Estadual;JUPIÁ;0;1536;0.0;0.0;;;;;;
2018;Deputado Estadual;GUARUJÁ DO SUL;0;2791;0.0;0.0;;;;;;
2018;Deputado Estadual;SANTA TEREZINHA;0;4254;0.0;0.0;;;;;;
2018;Deputado Estadual;LAJEADO GRANDE;0;1090;0.0;0.0;;;;;;
2018;Deputado Estadual;PAIAL;0;1374;0.0;0.0;;;;;;
2018;Deputado Estadual;ARROIO TRINTA;0;2399;0.0;0.0;;;;;;
2018;Deputado Estadual;CALMON;0;2147;0.0;0.0;;;;;;
2018;Deputado Estadual;FLOR DO SERTÃO;0;1205;0.0;0.0;;;;;;
2018;Deputado Estadual;CORONEL MARTINS;0;1542;0.0;0.0;;;;;;
2018;Deputado Estadual;SANTA TEREZINHA DO PROGRESSO;0;1778;0.0;0.0;;;;;;
2018;Deputado Estadual;SALTINHO;0;2317;0.0;0.0;;;;;;
2018;Deputado Estadual;OURO VERDE;0;1530;0.0;0.0;;;;;;
2018;Deputado Estadual;MAJOR VIEIRA;0;4069;0.0;0.0;;;;;;
2018;Deputado Estadual;MATOS COSTA;0;1597;0.0;0.0;;;;;;
2018;Deputado Estadual;SERRA ALTA;0;2110;0.0;0.0;;;;;;
2018;Deputado Estadual;CELSO RAMOS;0;1803;0.0;0.0;;;;;;
2018;Deputado Estadual;PAINEL;0;1756;0.0;0.0;;;;;;
2018;Deputado Estadual;BOM JESUS;0;1818;0.0;0.0;;;;;;
2018;Deputado Estadual;CUNHATAÍ;0;1378;0.0;0.0;;;;;;
2018;Deputado Estadual;ABDON BATISTA;0;1865;0.0;0.0;;;;;;
2018;Deputado Estadual;BARRA BONITA;0;1326;0.0;0.0;;;;;;
2018;Deputado Estadual;ANCHIETA;0;3561;0.0;0.0;;;;;;
2018;Deputado Estadual;MORRO GRANDE;0;2361;0.0;0.0;;;;;;
2018;Deputado Estadual;IMBUIA;0;3500;0.0;0.0;;;;;;
2018;Deputado Estadual;MACIEIRA;0;1303;0.0;0.0;;;;;;
2018;Deputado Estadual;TIGRINHOS;0;1344;0.0;0.0;;;;;;
2018;Deputado Estadual;JOSÉ BOITEUX;0;2933;0.0;0.0;;;;;;
2018;Deputado Estadual;ERMO;0;1674;0.0;0.0;;;;;;
2018;Deputado Estadual;SÃO MIGUEL DA BOA VISTA;0;1205;0.0;0.0;;;;;;
2018;Deputado Estadual;PALMEIRA;0;2025;0.0;0.0;;;;;;
2018;Deputado Estadual;CHAPADÃO DO LAGEADO;0;1870;0.0;0.0;;;;;;
2018;Deputado Estadual;MIRIM DOCE;0;1773;0.0;0.0;;;;;;
2018;Deputado Estadual;ÁGUAS DE CHAPECÓ;0;3458;0.0;0.0;;;;;;
2018;Deputado Estadual;PARAÍSO;0;2568;0.0;0.0;;;;;;
2018;Deputado Estadual;MAREMA;0;1584;0.0;0.0;;;;;;
2022;Deputado Federal;FLORIANÓPOLIS;23914;292413;8.17815897;27.62452638;;;;;;
2022;Deputado Federal;SÃO JOSÉ;11435;131543;8.69297492;13.20926901;;;;;;
2022;Deputado Federal;PALHOÇA;5986;98037;6.10585799;6.91479531;;;;;;
2022;Deputado Federal;JOINVILLE;3513;311178;1.12893585;4.05808151;;;;;;
2022;Deputado Federal;BLUMENAU;3233;188205;1.71780771;3.73463636;;;;;;
2022;Deputado Federal;BIGUAÇU;2420;36696;6.59472422;2.79549025;;;;;;
2022;Deputado Federal;ITAJAÍ;1882;119915;1.56944502;2.17401349;;;;;;
2022;Deputado Federal;BRUSQUE;1739;69866;2.48905047;2.00882543;;;;;;
2022;Deputado Federal;ITAPEMA;1513;35879;4.21695142;1.74775899;;;;;;
2022;Deputado Federal;CRICIÚMA;1509;109770;1.37469254;1.74313834;;;;;;
2022;Deputado Federal;BALNEÁRIO CAMBORIÚ;1385;72602;1.90766095;1.59989835;;;;;;
2022;Deputado Federal;JARAGUÁ DO SUL;1253;91777;1.36526581;1.44741706;;;;;;
2022;Deputado Federal;SANTO AMARO DA IMPERATRIZ;986;14188;6.94953482;1.138989;;;;;;
2022;Deputado Federal;CAÇADOR;934;36771;2.54004514;1.07892062;;;;;;
2022;Deputado Federal;CHAPECÓ;881;117415;0.75033003;1.01769707;;;;;;
2022;Deputado Federal;IMBITUBA;842;26796;3.14226004;0.97264578;;;;;;
2022;Deputado Federal;TUBARÃO;776;58954;1.31628049;0.89640514;;;;;;
2022;Deputado Federal;GOVERNADOR CELSO RAMOS;660;11070;5.96205962;0.76240643;;;;;;
2022;Deputado Federal;LAGES;632;90282;0.7000288;0.73006192;;;;;;
2022;Deputado Federal;JOAÇABA;630;16564;3.80342912;0.72775159;;;;;;
2022;Deputado Federal;SÃO BENTO DO SUL;582;43884;1.32622368;0.67230385;;;;;;
2022;Deputado Federal;TIJUCAS;541;21647;2.49919157;0.62494224;;;;;;
2022;Deputado Federal;ARARANGUÁ;540;38054;1.41903611;0.62378708;;;;;;
2022;Deputado Federal;GAROPABA;523;15937;3.28167158;0.60414934;;;;;;
2022;Deputado Federal;VIDEIRA;496;26011;1.90688555;0.57295999;;;;;;
2022;Deputado Federal;GASPAR;492;35048;1.40378909;0.56833934;;;;;;
2022;Deputado Federal;NAVEGANTES;476;39798;1.19604;0.54985676;;;;;;
2022;Deputado Federal;BOMBINHAS;472;11886;3.97105839;0.54523611;;;;;;
2022;Deputado Federal;CAPINZAL;453;12173;3.72135053;0.52328805;;;;;;
2022;Deputado Federal;CONCÓRDIA;448;43468;1.03064323;0.51751224;;;;;;
2022;Deputado Federal;ANTÔNIO CARLOS;442;6640;6.65662651;0.51058128;;;;;;
2022;Deputado Federal;CAMBORIÚ;390;39513;0.98701693;0.45051289;;;;;;
2022;Deputado Federal;RIO DO SUL;376;36871;1.01977164;0.43434063;;;;;;
2022;Deputado Federal;HERVAL D OESTE;369;12128;3.04254617;0.42625451;;;;;;
2022;Deputado Federal;BARRA VELHA;361;17455;2.06817531;0.41701322;;;;;;
2022;Deputado Federal;IÇARA;350;30938;1.13129485;0.40430644;;;;;;
2022;Deputado Federal;CAMPOS NOVOS;334;18085;1.84683439;0.38582386;;;;;;
2022;Deputado Federal;GUARAMIRIM;325;22749;1.42863423;0.37542741;;;;;;
2022;Deputado Federal;LAGUNA;320;25744;1.24300808;0.3696516;;;;;;
2022;Deputado Federal;TIMBÓ;320;24459;1.30831187;0.3696516;;;;;;
2022;Deputado Federal;BRAÇO DO NORTE;313;18790;1.66577967;0.36156547;;;;;;
2022;Deputado Federal;INDAIAL;280;33338;0.83988242;0.32344515;;;;;;
2022;Deputado Federal;SÃO MIGUEL DO OESTE;274;22253;1.23129466;0.31651419;;;;;;
2022;Deputado Federal;ORLEANS;268;13904;1.92750288;0.30958322;;;;;;
2022;Deputado Federal;SOMBRIO;247;16454;1.50115473;0.28532483;;;;;;
2022;Deputado Federal;SÃO JOÃO BATISTA;243;15575;1.56019262;0.28070419;;;;;;
2022;Deputado Federal;SÃO FRANCISCO DO SUL;241;26708;0.90235136;0.27839386;;;;;;
2022;Deputado Federal;GUABIRUBA;241;11956;2.01572432;0.27839386;;;;;;
2022;Deputado Federal;TURVO;235;8079;2.90877584;0.2714629;;;;;;
2022;Deputado Federal;ÁGUAS MORNAS;226;4577;4.93773214;0.26106644;;;;;;
2022;Deputado Federal;CAPIVARI DE BAIXO;203;12939;1.56890022;0.23449774;;;;;;
2022;Deputado Federal;MAFRA;201;28120;0.71479374;0.23218741;;;;;;
2022;Deputado Federal;RIO NEGRINHO;199;21542;0.92377681;0.22987709;;;;;;
2022;Deputado Federal;PORTO BELO;193;11626;1.66007225;0.22294612;;;;;;
2022;Deputado Federal;CANOINHAS;179;29107;0.61497234;0.20677387;;;;;;
2022;Deputado Federal;SÃO PEDRO DE ALCÂNTARA;175;3220;5.43478261;0.20215322;;;;;;
2022;Deputado Federal;SÃO LUDGERO;171;7181;2.38128394;0.19753258;;;;;;
2022;Deputado Federal;NOVA TRENTO;168;7796;2.15495126;0.19406709;;;;;;
2022;Deputado Federal;LUZERNA;166;3978;4.17295123;0.19175677;;;;;;
2022;Deputado Federal;PENHA;161;15886;1.01347098;0.18598096;;;;;;
2022;Deputado Federal;BALNEÁRIO PIÇARRAS;158;12965;1.21866564;0.18251548;;;;;;
2022;Deputado Federal;CURITIBANOS;155;20743;0.74724003;0.17905;;;;;;
2022;Deputado Federal;PAULO LOPES;150;5202;2.88350634;0.17327419;;;;;;
2022;Deputado Federal;XANXERÊ;148;26089;0.5672889;0.17096387;;;;;;
2022;Deputado Federal;ANGELINA;134;3895;3.44030809;0.15479161;;;;;;
2022;Deputado Federal;PINHALZINHO;133;11650;1.1416309;0.15363645;;;;;;
2022;Deputado Federal;CATANDUVAS;121;6137;1.97164738;0.13977451;;;;;;
2022;Deputado Federal;URUSSANGA;120;11821;1.01514254;0.13861935;;;;;;
2022;Deputado Federal;COCAL DO SUL;119;10223;1.16404187;0.13746419;;;;;;
2022;Deputado Federal;FORQUILHINHA;114;15949;0.71477836;0.13168838;;;;;;
2022;Deputado Federal;MARAVILHA;109;14830;0.73499663;0.12591258;;;;;;
2022;Deputado Federal;PORTO UNIÃO;109;16972;0.64223427;0.12591258;;;;;;
2022;Deputado Federal;OURO;106;4436;2.38954013;0.12244709;;;;;;
2022;Deputado Federal;FRAIBURGO;96;19053;0.50385766;0.11089548;;;;;;
2022;Deputado Federal;GRAVATAL;94;7136;1.31726457;0.10858516;;;;;;
2022;Deputado Federal;JAGUARUNA;90;11125;0.80898876;0.10396451;;;;;;
2022;Deputado Federal;RANCHO QUEIMADO;87;2413;3.60547037;0.10049903;;;;;;
2022;Deputado Federal;URUBICI;87;5862;1.48413511;0.10049903;;;;;;
2022;Deputado Federal;NOVA VENEZA;81;9420;0.85987261;0.09356806;;;;;;
2022;Deputado Federal;ITUPORANGA;80;14647;0.54618693;0.0924129;;;;;;
2022;Deputado Federal;MORRO DA FUMAÇA;78;10204;0.76440612;0.09010258;;;;;;
2022;Deputado Federal;SCHROEDER;78;10131;0.76991412;0.09010258;;;;;;
2022;Deputado Federal;RIO DAS ANTAS;76;3805;1.99737188;0.08779226;;;;;;
2022;Deputado Federal;CANELINHA;74;6713;1.10233875;0.08548193;;;;;;
2022;Deputado Federal;SÃO JOSÉ DO CERRITO;72;5702;1.26271484;0.08317161;;;;;;
2022;Deputado Federal;RIO FORTUNA;72;3690;1.95121951;0.08317161;;;;;;
2022;Deputado Federal;LAURO MÜLLER;72;9139;0.78783237;0.08317161;;;;;;
2022;Deputado Federal;IMARUÍ;71;6956;1.02070155;0.08201645;;;;;;
2022;Deputado Federal;TRÊS BARRAS;69;9921;0.69549441;0.07970613;;;;;;
2022;Deputado Federal;SANTA CECÍLIA;69;8009;0.86153078;0.07970613;;;;;;
2022;Deputado Federal;POMERODE;67;18752;0.35729522;0.0773958;;;;;;
2022;Deputado Federal;SÃO JOAQUIM;67;13257;0.50539338;0.0773958;;;;;;
2022;Deputado Federal;TANGARÁ;67;4808;1.39351082;0.0773958;;;;;;
2022;Deputado Federal;CORUPÁ;64;8732;0.73293633;0.07393032;;;;;;
2022;Deputado Federal;XAXIM;64;17029;0.37582947;0.07393032;;;;;;
2022;Deputado Federal;CAPÃO ALTO;62;2247;2.75923453;0.07162;;;;;;
2022;Deputado Federal;PONTE SERRADA;62;5812;1.06675843;0.07162;;;;;;
2022;Deputado Federal;SIDERÓPOLIS;61;7970;0.76537014;0.07046484;;;;;;
2022;Deputado Federal;MASSARANDUBA;60;9787;0.61305814;0.06930968;;;;;;
2022;Deputado Federal;SEARA;57;10341;0.55120395;0.06584419;;;;;;
2022;Deputado Federal;BALNEÁRIO ARROIO DO SILVA;55;7872;0.69867886;0.06353387;;;;;;
2022;Deputado Federal;ARAQUARI;55;16028;0.34314949;0.06353387;;;;;;
2022;Deputado Federal;ILHOTA;54;8212;0.65757428;0.06237871;;;;;;
2022;Deputado Federal;ITAIÓPOLIS;54;11061;0.48820179;0.06237871;;;;;;
2022;Deputado Federal;MARACAJÁ;53;4831;1.09708135;0.06122355;;;;;;
2022;Deputado Federal;LUIZ ALVES;53;7721;0.68643958;0.06122355;;;;;;
2022;Deputado Federal;CUNHA PORÃ;52;6926;0.75079411;0.06006839;;;;;;
2022;Deputado Federal;SÃO LOURENÇO DO OESTE;52;13461;0.38630117;0.06006839;;;;;;
2022;Deputado Federal;TREZE TÍLIAS;51;4642;1.09866437;0.05891322;;;;;;
2022;Deputado Federal;VARGEM;51;1946;2.62076053;0.05891322;;;;;;
2022;Deputado Federal;JACINTO MACHADO;51;6859;0.74354862;0.05891322;;;;;;
2022;Deputado Federal;BOM RETIRO;50;4844;1.03220479;0.05775806;;;;;;
2022;Deputado Federal;CORREIA PINTO;49;9057;0.541018;0.0566029;;;;;;
2022;Deputado Federal;SANGÃO;49;6453;0.75933674;0.0566029;;;;;;
2022;Deputado Federal;RODEIO;48;6911;0.69454493;0.05544774;;;;;;
2022;Deputado Federal;PRESIDENTE GETÚLIO;47;9864;0.47648013;0.05429258;;;;;;
2022;Deputado Federal;ARMAZÉM;47;5319;0.88362474;0.05429258;;;;;;
2022;Deputado Federal;IRANI;47;5554;0.84623695;0.05429258;;;;;;
2022;Deputado Federal;ERVAL VELHO;46;2963;1.55248059;0.05313742;;;;;;
2022;Deputado Federal;IBIRAMA;45;10409;0.43231819;0.05198226;;;;;;
2022;Deputado Federal;PINHEIRO PRETO;44;2124;2.07156309;0.0508271;;;;;;
2022;Deputado Federal;ITAPOÁ;43;11980;0.35893155;0.04967193;;;;;;
2022;Deputado Federal;OTACÍLIO COSTA;43;10003;0.42987104;0.04967193;;;;;;
2022;Deputado Federal;SÃO BONIFÁCIO;43;2109;2.03888099;0.04967193;;;;;;
2022;Deputado Federal;SANTA ROSA DO SUL;42;5671;0.74061012;0.04851677;;;;;;
2022;Deputado Federal;BALNEÁRIO RINCÃO;40;8971;0.44588117;0.04620645;;;;;;
2022;Deputado Federal;MELEIRO;39;4820;0.80912863;0.04505129;;;;;;
2022;Deputado Federal;SÃO JOÃO DO ITAPERIÚ;39;2887;1.35088327;0.04505129;;;;;;
2022;Deputado Federal;LONTRAS;38;6495;0.58506543;0.04389613;;;;;;
2022;Deputado Federal;ANITÁPOLIS;38;2420;1.57024793;0.04389613;;;;;;
2022;Deputado Federal;SÃO CARLOS;37;6363;0.58148672;0.04274097;;;;;;
2022;Deputado Federal;RIO DOS CEDROS;37;6470;0.57187017;0.04274097;;;;;;
2022;Deputado Federal;SÃO JOSÉ DO CEDRO;37;8302;0.44567574;0.04274097;;;;;;
2022;Deputado Federal;PRAIA GRANDE;36;4934;0.72963113;0.04158581;;;;;;
2022;Deputado Federal;ITÁ;36;4486;0.80249666;0.04158581;;;;;;
2022;Deputado Federal;LEBON RÉGIS;36;6050;0.59504132;0.04158581;;;;;;
2022;Deputado Federal;IBIAM;36;1438;2.50347705;0.04158581;;;;;;
2022;Deputado Federal;SAUDADES;36;6099;0.5902607;0.04158581;;;;;;
2022;Deputado Federal;GARUVA;36;8645;0.41642568;0.04158581;;;;;;
2022;Deputado Federal;PAPANDUVA;35;10201;0.34310362;0.04043064;;;;;;
2022;Deputado Federal;PESCARIA BRAVA;35;6376;0.5489335;0.04043064;;;;;;
2022;Deputado Federal;IPUMIRIM;35;4503;0.7772596;0.04043064;;;;;;
2022;Deputado Federal;ASCURRA;34;4558;0.7459412;0.03927548;;;;;;
2022;Deputado Federal;ALFREDO WAGNER;34;6287;0.54079847;0.03927548;;;;;;
2022;Deputado Federal;BALNEÁRIO GAIVOTA;33;7391;0.44648897;0.03812032;;;;;;
2022;Deputado Federal;BALNEÁRIO BARRA DO SUL;32;7540;0.42440318;0.03696516;;;;;;
2022;Deputado Federal;IOMERÊ;32;2124;1.50659134;0.03696516;;;;;;
2022;Deputado Federal;SÃO JOÃO DO SUL;31;5366;0.57771152;0.03581;;;;;;
2022;Deputado Federal;CAMPO ALEGRE;31;7120;0.43539326;0.03581;;;;;;
2022;Deputado Federal;MONTE CARLO;30;4911;0.61087355;0.03465484;;;;;;
2022;Deputado Federal;IBICARÉ;30;2264;1.32508834;0.03465484;;;;;;
2022;Deputado Federal;TAIÓ;29;10742;0.26996835;0.03349968;;;;;;
2022;Deputado Federal;ARROIO TRINTA;29;2455;1.18126273;0.03349968;;;;;;
2022;Deputado Federal;BENEDITO NOVO;28;6000;0.46666667;0.03234452;;;;;;
2022;Deputado Federal;LACERDÓPOLIS;28;1559;1.79602309;0.03234452;;;;;;
2022;Deputado Federal;ABELARDO LUZ;27;8725;0.30945559;0.03118935;;;;;;
2022;Deputado Federal;FAXINAL DOS GUEDES;27;6657;0.4055881;0.03118935;;;;;;
2022;Deputado Federal;PASSO DE TORRES;27;5256;0.51369863;0.03118935;;;;;;
2022;Deputado Federal;ANCHIETA;26;3767;0.69020441;0.03003419;;;;;;
2022;Deputado Federal;ARABUTÃ;26;2896;0.89779006;0.03003419;;;;;;
2022;Deputado Federal;POUSO REDONDO;26;8883;0.29269391;0.03003419;;;;;;
2022;Deputado Federal;GRÃO-PARÁ;26;4456;0.58348294;0.03003419;;;;;;
2022;Deputado Federal;APIÚNA;26;6033;0.43096304;0.03003419;;;;;;
2022;Deputado Federal;TREZE DE MAIO;25;5195;0.48123195;0.02887903;;;;;;
2022;Deputado Federal;JABORÁ;25;3017;0.82863772;0.02887903;;;;;;
2022;Deputado Federal;PIRATUBA;25;3919;0.63791784;0.02887903;;;;;;
2022;Deputado Federal;VARGEM BONITA;25;3007;0.83139342;0.02887903;;;;;;
2022;Deputado Federal;BOTUVERÁ;24;3271;0.73372057;0.02772387;;;;;;
2022;Deputado Federal;ITAPIRANGA;24;9407;0.25512916;0.02772387;;;;;;
2022;Deputado Federal;MODELO;24;2687;0.89318943;0.02772387;;;;;;
2022;Deputado Federal;BRAÇO DO TROMBUDO;23;2503;0.91889732;0.02656871;;;;;;
2022;Deputado Federal;ZORTÉA;23;2251;1.0217681;0.02656871;;;;;;
2022;Deputado Federal;SÃO MARTINHO;23;2637;0.87220326;0.02656871;;;;;;
2022;Deputado Federal;ÁGUA DOCE;23;4088;0.56262231;0.02656871;;;;;;
2022;Deputado Federal;TIMBÉ DO SUL;23;3474;0.66206102;0.02656871;;;;;;
2022;Deputado Federal;LAURENTINO;23;4665;0.49303323;0.02656871;;;;;;
2022;Deputado Federal;SALTO VELOSO;22;2605;0.84452975;0.02541355;;;;;;
2022;Deputado Federal;TREVISO;22;2914;0.75497598;0.02541355;;;;;;
2022;Deputado Federal;DONA EMMA;22;2452;0.89722675;0.02541355;;;;;;
2022;Deputado Federal;AURORA;22;4105;0.53593179;0.02541355;;;;;;
2022;Deputado Federal;CAMPO BELO DO SUL;21;4525;0.4640884;0.02425839;;;;;;
2022;Deputado Federal;PALMITOS;21;9049;0.23206984;0.02425839;;;;;;
2022;Deputado Federal;AGROLÂNDIA;20;6063;0.3298697;0.02310323;;;;;;
2022;Deputado Federal;DESCANSO;20;4902;0.40799674;0.02310323;;;;;;
2022;Deputado Federal;LINDÓIA DO SUL;20;2614;0.76511094;0.02310323;;;;;;
2022;Deputado Federal;CAIBI;20;3841;0.52069773;0.02310323;;;;;;
2022;Deputado Federal;CAMPO ERÊ;19;5273;0.36032619;0.02194806;;;;;;
2022;Deputado Federal;DIONÍSIO CERQUEIRA;19;8123;0.23390373;0.02194806;;;;;;
2022;Deputado Federal;VITOR MEIRELES;18;3394;0.53034767;0.0207929;;;;;;
2022;Deputado Federal;TROMBUDO CENTRAL;16;4017;0.39830719;0.01848258;;;;;;
2022;Deputado Federal;SALTINHO;16;2397;0.66750104;0.01848258;;;;;;
2022;Deputado Federal;IPIRA;16;2833;0.56477233;0.01848258;;;;;;
2022;Deputado Federal;SÃO DOMINGOS;16;5646;0.28338647;0.01848258;;;;;;
2022;Deputado Federal;JOSÉ BOITEUX;15;3228;0.46468401;0.01732742;;;;;;
2022;Deputado Federal;BOM JARDIM DA SERRA;15;2697;0.55617353;0.01732742;;;;;;
2022;Deputado Federal;PEDRAS GRANDES;15;3110;0.48231511;0.01732742;;;;;;
2022;Deputado Federal;CORONEL FREITAS;15;6145;0.2441009;0.01732742;;;;;;
2022;Deputado Federal;SALETE;15;4643;0.32306698;0.01732742;;;;;;
2022;Deputado Federal;IPUAÇU;14;4240;0.33018868;0.01617226;;;;;;
2022;Deputado Federal;SANTA ROSA DE LIMA;14;1581;0.8855155;0.01617226;;;;;;
2022;Deputado Federal;TUNÁPOLIS;14;3177;0.4406673;0.01617226;;;;;;
2022;Deputado Federal;PETROLÂNDIA;13;4326;0.30050855;0.0150171;;;;;;
2022;Deputado Federal;ERMO;13;1843;0.70537168;0.0150171;;;;;;
2022;Deputado Federal;SUL BRASIL;13;2007;0.64773293;0.0150171;;;;;;
2022;Deputado Federal;NOVA ERECHIM;13;2993;0.43434681;0.0150171;;;;;;
2022;Deputado Federal;VIDAL RAMOS;13;4312;0.30148423;0.0150171;;;;;;
2022;Deputado Federal;WITMARSUM;13;2567;0.50642774;0.0150171;;;;;;
2022;Deputado Federal;AGRONÔMICA;13;3428;0.37922987;0.0150171;;;;;;
2022;Deputado Federal;PRESIDENTE NEREU;13;1661;0.78266105;0.0150171;;;;;;
2022;Deputado Federal;RIO DO CAMPO;12;4220;0.28436019;0.01386194;;;;;;
2022;Deputado Federal;MAJOR GERCINO;12;2273;0.52793665;0.01386194;;;;;;
2022;Deputado Federal;GUARACIABA;12;6937;0.17298544;0.01386194;;;;;;
2022;Deputado Federal;MAJOR VIEIRA;11;4227;0.26023184;0.01270677;;;;;;
2022;Deputado Federal;PALMA SOLA;11;4094;0.26868588;0.01270677;;;;;;
2022;Deputado Federal;LEOBERTO LEAL;11;2531;0.43461083;0.01270677;;;;;;
2022;Deputado Federal;MONDAÍ;11;5697;0.19308408;0.01270677;;;;;;
2022;Deputado Federal;IRINEÓPOLIS;11;5943;0.1850917;0.01270677;;;;;;
2022;Deputado Federal;BRUNÓPOLIS;11;2185;0.50343249;0.01270677;;;;;;
2022;Deputado Federal;CERRO NEGRO;10;2489;0.40176778;0.01155161;;;;;;
2022;Deputado Federal;IPORÃ DO OESTE;10;5612;0.17818959;0.01155161;;;;;;
2022;Deputado Federal;ABDON BATISTA;10;1995;0.50125313;0.01155161;;;;;;
2022;Deputado Federal;SANTA TEREZINHA;10;4862;0.20567668;0.01155161;;;;;;
2022;Deputado Federal;ALTO BELA VISTA;10;1431;0.69881202;0.01155161;;;;;;
2022;Deputado Federal;MACIEIRA;10;1363;0.73367572;0.01155161;;;;;;
2022;Deputado Federal;TIMBÓ GRANDE;10;4052;0.24679171;0.01155161;;;;;;
2022;Deputado Federal;IMBUIA;9;3972;0.2265861;0.01039645;;;;;;
2022;Deputado Federal;ANITA GARIBALDI;9;5196;0.17321016;0.01039645;;;;;;
2022;Deputado Federal;SÃO JOÃO DO OESTE;9;4023;0.22371365;0.01039645;;;;;;
2022;Deputado Federal;QUILOMBO;9;6279;0.14333493;0.01039645;;;;;;
2022;Deputado Federal;GUATAMBÚ;9;4523;0.19898298;0.01039645;;;;;;
2022;Deputado Federal;DOUTOR PEDRINHO;9;2333;0.3857694;0.01039645;;;;;;
2022;Deputado Federal;XAVANTINA;8;2881;0.27768136;0.00924129;;;;;;
2022;Deputado Federal;NOVA ITABERABA;8;3202;0.24984385;0.00924129;;;;;;
2022;Deputado Federal;PALMEIRA;8;2201;0.36347115;0.00924129;;;;;;
2022;Deputado Federal;CALMON;8;2323;0.34438226;0.00924129;;;;;;
2022;Deputado Federal;CELSO RAMOS;8;1974;0.40526849;0.00924129;;;;;;
2022;Deputado Federal;IRACEMINHA;8;2875;0.27826087;0.00924129;;;;;;
2022;Deputado Federal;PERITIBA;8;2235;0.35794183;0.00924129;;;;;;
2022;Deputado Federal;ÁGUAS FRIAS;8;2051;0.39005363;0.00924129;;;;;;
2022;Deputado Federal;SANTA HELENA;8;1781;0.44918585;0.00924129;;;;;;
2022;Deputado Federal;PONTE ALTA DO NORTE;8;1838;0.43525571;0.00924129;;;;;;
2022;Deputado Federal;PARAÍSO;7;2625;0.26666667;0.00808613;;;;;;
2022;Deputado Federal;PONTE ALTA;7;3027;0.23125206;0.00808613;;;;;;
2022;Deputado Federal;URUPEMA;7;1850;0.37837838;0.00808613;;;;;;
2022;Deputado Federal;NOVO HORIZONTE;7;2003;0.34947579;0.00808613;;;;;;
2022;Deputado Federal;VARGEÃO;7;2308;0.30329289;0.00808613;;;;;;
2022;Deputado Federal;ÁGUAS DE CHAPECÓ;6;3533;0.16982734;0.00693097;;;;;;
2022;Deputado Federal;BARRA BONITA;6;1307;0.45906656;0.00693097;;;;;;
2022;Deputado Federal;RIO DO OESTE;6;4637;0.129394;0.00693097;;;;;;
2022;Deputado Federal;PRESIDENTE CASTELLO BRANCO;5;1330;0.37593985;0.00577581;;;;;;
2022;Deputado Federal;SERRA ALTA;5;2216;0.22563177;0.00577581;;;;;;
2022;Deputado Federal;FORMOSA DO SUL;5;1857;0.26925148;0.00577581;;;;;;
2022;Deputado Federal;BELA VISTA DO TOLDO;5;3806;0.13137152;0.00577581;;;;;;
2022;Deputado Federal;SÃO BERNARDINO;5;1995;0.25062657;0.00577581;;;;;;
2022;Deputado Federal;CORDILHEIRA ALTA;5;3106;0.16097875;0.00577581;;;;;;
2022;Deputado Federal;BELMONTE;5;1781;0.28074116;0.00577581;;;;;;
2022;Deputado Federal;MONTE CASTELO;5;4983;0.10034116;0.00577581;;;;;;
2022;Deputado Federal;GALVÃO;4;2118;0.18885741;0.00462065;;;;;;
2022;Deputado Federal;PASSOS MAIA;4;2559;0.15631106;0.00462065;;;;;;
2022;Deputado Federal;PAIAL;4;1458;0.27434842;0.00462065;;;;;;
2022;Deputado Federal;TIGRINHOS;4;1512;0.26455026;0.00462065;;;;;;
2022;Deputado Federal;JARDINÓPOLIS;4;1385;0.28880866;0.00462065;;;;;;
2022;Deputado Federal;PAINEL;4;1913;0.20909566;0.00462065;;;;;;
2022;Deputado Federal;BANDEIRANTE;4;2196;0.18214936;0.00462065;;;;;;
2022;Deputado Federal;SÃO CRISTÓVÃO DO SUL;4;2474;0.16168149;0.00462065;;;;;;
2022;Deputado Federal;MORRO GRANDE;4;2138;0.18709074;0.00462065;;;;;;
2022;Deputado Federal;SANTIAGO DO SUL;3;1203;0.24937656;0.00346548;;;;;;
2022;Deputado Federal;FREI ROGÉRIO;3;1708;0.17564403;0.00346548;;;;;;
2022;Deputado Federal;CUNHATAÍ;3;1442;0.20804438;0.00346548;;;;;;
2022;Deputado Federal;RIO RUFINO;3;1800;0.16666667;0.00346548;;;;;;
2022;Deputado Federal;BOCAINA DO SUL;3;2513;0.11937923;0.00346548;;;;;;
2022;Deputado Federal;PLANALTO ALEGRE;3;2205;0.13605442;0.00346548;;;;;;
2022;Deputado Federal;LAJEADO GRANDE;2;1221;0.16380016;0.00231032;;;;;;
2022;Deputado Federal;UNIÃO DO OESTE;2;1998;0.1001001;0.00231032;;;;;;
2022;Deputado Federal;PRINCESA;2;1908;0.1048218;0.00231032;;;;;;
2022;Deputado Federal;CHAPADÃO DO LAGEADO;2;2142;0.09337068;0.00231032;;;;;;
2022;Deputado Federal;ATALANTA;2;2380;0.08403361;0.00231032;;;;;;
2022;Deputado Federal;ENTRE RIOS;2;2322;0.08613264;0.00231032;;;;;;
2022;Deputado Federal;MATOS COSTA;1;1764;0.05668934;0.00115516;;;;;;
2022;Deputado Federal;OURO VERDE;1;1536;0.06510417;0.00115516;;;;;;
2022;Deputado Federal;FLOR DO SERTÃO;1;1316;0.07598784;0.00115516;;;;;;
2022;Deputado Federal;GUARUJÁ DO SUL;1;2937;0.03404835;0.00115516;;;;;;
2022;Deputado Federal;RIQUEZA;1;3067;0.03260515;0.00115516;;;;;;
2022;Deputado Federal;ARVOREDO;1;2019;0.04952947;0.00115516;;;;;;
2022;Deputado Federal;MIRIM DOCE;1;1838;0.05440696;0.00115516;;;;;;
2022;Deputado Federal;SÃO MIGUEL DA BOA VISTA;1;1298;0.0770416;0.00115516;;;;;;
2022;Deputado Federal;BOM JESUS;1;1935;0.05167959;0.00115516;;;;;;
2022;Deputado Federal;BOM JESUS DO OESTE;1;1505;0.06644518;0.00115516;;;;;;
2022;Deputado Federal;SANTA TEREZINHA DO PROGRESSO;0;1750;0.0;0.0;;;;;;
2022;Deputado Federal;CAXAMBU DO SUL;0;3455;0.0;0.0;;;;;;
2022;Deputado Federal;MAREMA;0;1696;0.0;0.0;;;;;;
2022;Deputado Federal;JUPIÁ;0;1765;0.0;0.0;;;;;;
2022;Deputado Federal;ROMELÂNDIA;0;3068;0.0;0.0;;;;;;
2022;Deputado Federal;CORONEL MARTINS;0;1610;0.0;0.0;;;;;;
2022;Deputado Federal;IRATI;0;1619;0.0;0.0;;;;;;
2026;Deputado Estadual;FLORIANÓPOLIS;18267;313086;5.83449915;45.29719543;;;;;;
2026;Deputado Estadual;SÃO JOSÉ;6596;144745;4.55697952;16.35628735;;;;;;
2026;Deputado Estadual;PALHOÇA;3443;114098;3.01758138;8.53770427;;;;;;
2026;Deputado Estadual;BIGUAÇU;1638;42244;3.87747372;4.06179483;;;;;;
2026;Deputado Estadual;BRUSQUE;647;68455;0.94514645;1.60438416;;;;;;
2026;Deputado Estadual;BLUMENAU;640;198758;0.32199962;1.58702606;;;;;;
2026;Deputado Estadual;GOVERNADOR CELSO RAMOS;524;13140;3.98782344;1.29937759;;;;;;
2026;Deputado Estadual;BALNEÁRIO CAMBORIÚ;502;79144;0.63428687;1.24482357;;;;;;
2026;Deputado Estadual;JOINVILLE;495;332568;0.14884174;1.22746547;;;;;;
2026;Deputado Estadual;TUBARÃO;450;61864;0.72740204;1.1158777;;;;;;
2026;Deputado Estadual;SANTO AMARO DA IMPERATRIZ;402;16263;2.47186866;0.99685075;;;;;;
2026;Deputado Estadual;ANTÔNIO CARLOS;374;7711;4.85021398;0.92741835;;;;;;
2026;Deputado Estadual;ITAJAÍ;318;136696;0.232633;0.78855357;;;;;;
2026;Deputado Estadual;CRICIÚMA;291;114096;0.25504838;0.72160091;;;;;;
2026;Deputado Estadual;JARAGUÁ DO SUL;279;102249;0.2728633;0.69184417;;;;;;
2026;Deputado Estadual;CHAPECÓ;236;121818;0.19373163;0.58521586;;;;;;
2026;Deputado Estadual;IMBITUBA;223;29657;0.7519304;0.55297939;;;;;;
2026;Deputado Estadual;ITAPEMA;203;43924;0.46216192;0.50338483;;;;;;
2026;Deputado Estadual;GAROPABA;170;18051;0.94177608;0.4215538;;;;;;
2026;Deputado Estadual;LAGES;137;91823;0.14920009;0.33972277;;;;;;
2026;Deputado Estadual;CAMPO ERÊ;136;5571;2.44121343;0.33724304;;;;;;
2026;Deputado Estadual;TIJUCAS;129;26086;0.49451813;0.31988494;;;;;;
2026;Deputado Estadual;CAMBORIÚ;120;44053;0.27239916;0.29756739;;;;;;
2026;Deputado Estadual;ARARANGUÁ;113;41210;0.27420529;0.28020929;;;;;;
2026;Deputado Estadual;HERVAL D'OESTE;112;12249;0.91436036;0.27772956;;;;;;
2026;Deputado Estadual;CAMPOS NOVOS;106;18916;0.56037217;0.26285119;;;;;;
2026;Deputado Estadual;SÃO PEDRO DE ALCÂNTARA;102;3925;2.59872611;0.25293228;;;;;;
2026;Deputado Estadual;SÃO BENTO DO SUL;96;46391;0.20693669;0.23805391;;;;;;
2026;Deputado Estadual;GASPAR;91;38076;0.23899569;0.22565527;;;;;;
2026;Deputado Estadual;SÃO JOÃO BATISTA;91;16781;0.54227996;0.22565527;;;;;;
2026;Deputado Estadual;NAVEGANTES;87;46981;0.18518124;0.21573636;;;;;;
2026;Deputado Estadual;JOAÇABA;84;16644;0.50468637;0.20829717;;;;;;
2026;Deputado Estadual;RIO DO SUL;81;38575;0.20998056;0.20085799;;;;;;
2026;Deputado Estadual;LAGUNA;78;26904;0.28991971;0.1934188;;;;;;
2026;Deputado Estadual;BOMBINHAS;75;13841;0.54186836;0.18597962;;;;;;
2026;Deputado Estadual;CONCÓRDIA;69;45795;0.15067147;0.17110125;;;;;;
2026;Deputado Estadual;TIMBÓ;66;27607;0.2390698;0.16366206;;;;;;
2026;Deputado Estadual;GUABIRUBA;65;12641;0.51419983;0.16118233;;;;;;
2026;Deputado Estadual;PAULO LOPES;65;5935;1.09519798;0.16118233;;;;;;
2026;Deputado Estadual;ÁGUAS MORNAS;64;5256;1.21765601;0.15870261;;;;;;
2026;Deputado Estadual;BALNEÁRIO PIÇARRAS;63;16345;0.38543897;0.15622288;;;;;;
2026;Deputado Estadual;INDAIAL;63;37125;0.16969697;0.15622288;;;;;;
2026;Deputado Estadual;XANXERÊ;59;26323;0.22413859;0.14630397;;;;;;
2026;Deputado Estadual;IÇARA;56;33204;0.16865438;0.13886478;;;;;;
2026;Deputado Estadual;ITUPORANGA;54;15593;0.34630924;0.13390532;;;;;;
2026;Deputado Estadual;BARRA VELHA;51;20909;0.2439141;0.12646614;;;;;;
2026;Deputado Estadual;NOVA TRENTO;51;8526;0.5981703;0.12646614;;;;;;
2026;Deputado Estadual;GUARAMIRIM;50;24798;0.20162916;0.12398641;;;;;;
2026;Deputado Estadual;POMERODE;47;19659;0.23907625;0.11654723;;;;;;
2026;Deputado Estadual;SÃO FRANCISCO DO SUL;47;29025;0.16192937;0.11654723;;;;;;
2026;Deputado Estadual;CAPINZAL;45;12399;0.36293249;0.11158777;;;;;;
2026;Deputado Estadual;PORTO BELO;44;14482;0.30382544;0.10910804;;;;;;
2026;Deputado Estadual;PINHALZINHO;42;12157;0.34547997;0.10414859;;;;;;
2026;Deputado Estadual;SÃO MIGUEL DO OESTE;41;23774;0.17245731;0.10166886;;;;;;
2026;Deputado Estadual;CAPIVARI DE BAIXO;40;13961;0.28651243;0.09918913;;;;;;
2026;Deputado Estadual;VIDEIRA;40;28283;0.14142771;0.09918913;;;;;;
2026;Deputado Estadual;PORTO UNIÃO;39;17375;0.22446043;0.0967094;;;;;;
2026;Deputado Estadual;FRAIBURGO;37;18647;0.19842334;0.09174994;;;;;;
2026;Deputado Estadual;BRAÇO DO NORTE;35;20305;0.17237134;0.08679049;;;;;;
2026;Deputado Estadual;CURITIBANOS;34;21403;0.15885624;0.08431076;;;;;;
2026;Deputado Estadual;SOMBRIO;34;17293;0.19661135;0.08431076;;;;;;
2026;Deputado Estadual;IMARUÍ;33;7506;0.43964828;0.08183103;;;;;;
2026;Deputado Estadual;CELSO RAMOS;32;2121;1.5087223;0.0793513;;;;;;
2026;Deputado Estadual;PENHA;31;18959;0.16351073;0.07687157;;;;;;
2026;Deputado Estadual;RANCHO QUEIMADO;30;3048;0.98425197;0.07439185;;;;;;
2026;Deputado Estadual;SÃO JOSÉ DO CERRITO;30;6225;0.48192771;0.07439185;;;;;;
2026;Deputado Estadual;MAFRA;29;30999;0.0935514;0.07191212;;;;;;
2026;Deputado Estadual;CAÇADOR;28;36589;0.07652573;0.06943239;;;;;;
2026;Deputado Estadual;CANELINHA;27;7436;0.36309844;0.06695266;;;;;;
2026;Deputado Estadual;SÃO BONIFÁCIO;27;2272;1.18838028;0.06695266;;;;;;
2026;Deputado Estadual;SÃO LUDGERO;27;8009;0.33712074;0.06695266;;;;;;
2026;Deputado Estadual;IBIRAMA;26;11007;0.23621332;0.06447293;;;;;;
2026;Deputado Estadual;RIO NEGRINHO;26;22443;0.11584904;0.06447293;;;;;;
2026;Deputado Estadual;CANOINHAS;25;30627;0.08162732;0.06199321;;;;;;
2026;Deputado Estadual;VARGEM;25;2082;1.20076849;0.06199321;;;;;;
2026;Deputado Estadual;SCHROEDER;23;11211;0.20515565;0.05703375;;;;;;
2026;Deputado Estadual;URUSSANGA;23;11992;0.19179453;0.05703375;;;;;;
2026;Deputado Estadual;XAXIM;23;17299;0.13295566;0.05703375;;;;;;
2026;Deputado Estadual;MONTE CARLO;22;4942;0.4451639;0.05455402;;;;;;
2026;Deputado Estadual;MARAVILHA;21;15802;0.13289457;0.05207429;;;;;;
2026;Deputado Estadual;ORLEANS;21;14935;0.14060931;0.05207429;;;;;;
2026;Deputado Estadual;FORQUILHINHA;20;17556;0.11392117;0.04959456;;;;;;
2026;Deputado Estadual;ITAPIRANGA;20;9318;0.21463833;0.04959456;;;;;;
2026;Deputado Estadual;SÃO BERNARDINO;20;2010;0.99502488;0.04959456;;;;;;
2026;Deputado Estadual;ITAPOÁ;19;14710;0.12916383;0.04711484;;;;;;
2026;Deputado Estadual;JAGUARUNA;19;12471;0.15235346;0.04711484;;;;;;
2026;Deputado Estadual;SÃO LOURENÇO DO OESTE;19;13758;0.13810147;0.04711484;;;;;;
2026;Deputado Estadual;ALFREDO WAGNER;18;6758;0.26635099;0.04463511;;;;;;
2026;Deputado Estadual;SÃO JOAQUIM;18;13656;0.13181019;0.04463511;;;;;;
2026;Deputado Estadual;ARAQUARI;17;20296;0.08376035;0.04215538;;;;;;
2026;Deputado Estadual;APIÚNA;16;6549;0.24431211;0.03967565;;;;;;
2026;Deputado Estadual;COCAL DO SUL;16;10883;0.14701829;0.03967565;;;;;;
2026;Deputado Estadual;IRANI;16;5872;0.27247956;0.03967565;;;;;;
2026;Deputado Estadual;OURO;16;4409;0.36289408;0.03967565;;;;;;
2026;Deputado Estadual;RIO DOS CEDROS;16;7187;0.22262418;0.03967565;;;;;;
2026;Deputado Estadual;SANGÃO;16;6960;0.22988506;0.03967565;;;;;;
2026;Deputado Estadual;SAUDADES;16;6356;0.25173065;0.03967565;;;;;;
2026;Deputado Estadual;TRÊS BARRAS;15;10316;0.1454052;0.03719592;;;;;;
2026;Deputado Estadual;TURVO;15;8594;0.17454038;0.03719592;;;;;;
2026;Deputado Estadual;ANITÁPOLIS;14;2674;0.52356021;0.0347162;;;;;;
2026;Deputado Estadual;BALNEÁRIO ARROIO DO SILVA;14;9597;0.14587892;0.0347162;;;;;;
2026;Deputado Estadual;CAPÃO ALTO;14;2439;0.57400574;0.0347162;;;;;;
2026;Deputado Estadual;CORUPÁ;14;9525;0.14698163;0.0347162;;;;;;
2026;Deputado Estadual;ERVAL VELHO;14;2974;0.47074647;0.0347162;;;;;;
2026;Deputado Estadual;MORRO DA FUMAÇA;14;10979;0.12751617;0.0347162;;;;;;
2026;Deputado Estadual;URUBICI;14;6392;0.21902378;0.0347162;;;;;;
2026;Deputado Estadual;ANGELINA;13;4126;0.31507513;0.03223647;;;;;;
2026;Deputado Estadual;BALNEÁRIO RINCÃO;13;9935;0.13085053;0.03223647;;;;;;
2026;Deputado Estadual;BENEDITO NOVO;13;6517;0.19947829;0.03223647;;;;;;
2026;Deputado Estadual;PALMITOS;13;9435;0.13778484;0.03223647;;;;;;
2026;Deputado Estadual;PAPANDUVA;13;10727;0.12118952;0.03223647;;;;;;
2026;Deputado Estadual;GARUVA;12;9175;0.13079019;0.02975674;;;;;;
2026;Deputado Estadual;GUARACIABA;12;7244;0.16565433;0.02975674;;;;;;
2026;Deputado Estadual;PALMA SOLA;12;4176;0.28735632;0.02975674;;;;;;
2026;Deputado Estadual;SIDERÓPOLIS;12;8774;0.13676772;0.02975674;;;;;;
2026;Deputado Estadual;TREZE TÍLIAS;12;5030;0.23856859;0.02975674;;;;;;
2026;Deputado Estadual;CORREIA PINTO;11;9206;0.11948729;0.02727701;;;;;;
2026;Deputado Estadual;MAJOR VIEIRA;11;4490;0.24498886;0.02727701;;;;;;
2026;Deputado Estadual;PRESIDENTE GETÚLIO;11;10767;0.10216402;0.02727701;;;;;;
2026;Deputado Estadual;ABELARDO LUZ;10;8719;0.11469205;0.02479728;;;;;;
2026;Deputado Estadual;CATANDUVAS;10;6331;0.15795293;0.02479728;;;;;;
2026;Deputado Estadual;ILHOTA;10;9257;0.10802636;0.02479728;;;;;;
2026;Deputado Estadual;ITAIÓPOLIS;10;12020;0.08319468;0.02479728;;;;;;
2026;Deputado Estadual;BALNEÁRIO BARRA DO SUL;9;8224;0.1094358;0.02231755;;;;;;
2026;Deputado Estadual;BOM RETIRO;9;5024;0.17914013;0.02231755;;;;;;
2026;Deputado Estadual;DIONÍSIO CERQUEIRA;9;8528;0.10553471;0.02231755;;;;;;
2026;Deputado Estadual;MASSARANDUBA;9;10523;0.08552694;0.02231755;;;;;;
2026;Deputado Estadual;NOVA VENEZA;9;9937;0.09057059;0.02231755;;;;;;
2026;Deputado Estadual;POUSO REDONDO;9;9572;0.09402424;0.02231755;;;;;;
2026;Deputado Estadual;PRAIA GRANDE;9;5258;0.17116774;0.02231755;;;;;;
2026;Deputado Estadual;SÃO JOSÉ DO CEDRO;9;8653;0.10401017;0.02231755;;;;;;
2026;Deputado Estadual;ÁGUA DOCE;9;4109;0.21903139;0.02231755;;;;;;
2026;Deputado Estadual;AGROLÂNDIA;8;6429;0.12443615;0.01983783;;;;;;
2026;Deputado Estadual;ARMAZÉM;8;5896;0.13568521;0.01983783;;;;;;
2026;Deputado Estadual;BOTUVERÁ;8;3650;0.21917808;0.01983783;;;;;;
2026;Deputado Estadual;BRUNÓPOLIS;8;2248;0.35587189;0.01983783;;;;;;
2026;Deputado Estadual;IPUMIRIM;8;4347;0.18403497;0.01983783;;;;;;
2026;Deputado Estadual;JABORÁ;8;3151;0.25388765;0.01983783;;;;;;
2026;Deputado Estadual;JACINTO MACHADO;8;7223;0.1107573;0.01983783;;;;;;
2026;Deputado Estadual;PESCARIA BRAVA;8;7072;0.11312217;0.01983783;;;;;;
2026;Deputado Estadual;PETROLÂNDIA;8;4603;0.1737997;0.01983783;;;;;;
2026;Deputado Estadual;SANTA CECÍLIA;8;8169;0.0979312;0.01983783;;;;;;
2026;Deputado Estadual;SÃO CARLOS;8;6491;0.12324757;0.01983783;;;;;;
2026;Deputado Estadual;TANGARÁ;8;4967;0.16106302;0.01983783;;;;;;
2026;Deputado Estadual;ANCHIETA;7;3882;0.18031942;0.0173581;;;;;;
2026;Deputado Estadual;ASCURRA;7;4929;0.14201664;0.0173581;;;;;;
2026;Deputado Estadual;CAMPO ALEGRE;7;7584;0.09229958;0.0173581;;;;;;
2026;Deputado Estadual;GUATAMBÚ;7;4818;0.1452885;0.0173581;;;;;;
2026;Deputado Estadual;IBICARÉ;7;2349;0.29799915;0.0173581;;;;;;
2026;Deputado Estadual;LAURO MÜLLER;7;9287;0.07537418;0.0173581;;;;;;
2026;Deputado Estadual;LEOBERTO LEAL;7;2650;0.26415094;0.0173581;;;;;;
2026;Deputado Estadual;LUIZ ALVES;7;8392;0.08341277;0.0173581;;;;;;
2026;Deputado Estadual;LUZERNA;7;3978;0.17596782;0.0173581;;;;;;
2026;Deputado Estadual;MARACAJÁ;7;5207;0.13443442;0.0173581;;;;;;
2026;Deputado Estadual;SEARA;7;10367;0.06752194;0.0173581;;;;;;
2026;Deputado Estadual;SÃO JOÃO DO ITAPERIÚ;7;3390;0.20648968;0.0173581;;;;;;
2026;Deputado Estadual;SÃO JOÃO DO SUL;7;5985;0.11695906;0.0173581;;;;;;
2026;Deputado Estadual;TREZE DE MAIO;7;5345;0.13096352;0.0173581;;;;;;
2026;Deputado Estadual;TROMBUDO CENTRAL;7;4357;0.16066101;0.0173581;;;;;;
2026;Deputado Estadual;BALNEÁRIO GAIVOTA;6;9212;0.06513244;0.01487837;;;;;;
2026;Deputado Estadual;GRAVATAL;6;7720;0.07772021;0.01487837;;;;;;
2026;Deputado Estadual;IOMERÊ;6;2349;0.25542784;0.01487837;;;;;;
2026;Deputado Estadual;LAURENTINO;6;4961;0.12094336;0.01487837;;;;;;
2026;Deputado Estadual;LEBON RÉGIS;6;6209;0.09663392;0.01487837;;;;;;
2026;Deputado Estadual;OTACÍLIO COSTA;6;9754;0.06151323;0.01487837;;;;;;
2026;Deputado Estadual;PASSO DE TORRES;6;6677;0.08986072;0.01487837;;;;;;
2026;Deputado Estadual;SÃO MARTINHO;6;2750;0.21818182;0.01487837;;;;;;
2026;Deputado Estadual;ZORTÉA;6;2485;0.24144869;0.01487837;;;;;;
2026;Deputado Estadual;ANITA GARIBALDI;5;5197;0.09620935;0.01239864;;;;;;
2026;Deputado Estadual;AURORA;5;4622;0.10817828;0.01239864;;;;;;
2026;Deputado Estadual;CERRO NEGRO;5;2498;0.20016013;0.01239864;;;;;;
2026;Deputado Estadual;IBIAM;5;1549;0.3227889;0.01239864;;;;;;
2026;Deputado Estadual;ITÁ;5;4551;0.10986596;0.01239864;;;;;;
2026;Deputado Estadual;PINHEIRO PRETO;5;2252;0.22202487;0.01239864;;;;;;
2026;Deputado Estadual;RODEIO;5;7444;0.06716819;0.01239864;;;;;;
2026;Deputado Estadual;CAIBI;4;4198;0.09528347;0.00991891;;;;;;
2026;Deputado Estadual;CORONEL FREITAS;4;6242;0.06408202;0.00991891;;;;;;
2026;Deputado Estadual;IPORÃ DO OESTE;4;6154;0.06499838;0.00991891;;;;;;
2026;Deputado Estadual;LONTRAS;4;7087;0.05644137;0.00991891;;;;;;
2026;Deputado Estadual;MELEIRO;4;4904;0.08156607;0.00991891;;;;;;
2026;Deputado Estadual;MODELO;4;2873;0.13922729;0.00991891;;;;;;
2026;Deputado Estadual;MONDAÍ;4;5972;0.06697924;0.00991891;;;;;;
2026;Deputado Estadual;PEDRAS GRANDES;4;3210;0.12461059;0.00991891;;;;;;
2026;Deputado Estadual;PIRATUBA;4;4150;0.09638554;0.00991891;;;;;;
2026;Deputado Estadual;PONTE SERRADA;4;5815;0.06878762;0.00991891;;;;;;
2026;Deputado Estadual;RIO DAS ANTAS;4;4189;0.09548818;0.00991891;;;;;;
2026;Deputado Estadual;RIO FORTUNA;4;3839;0.1041938;0.00991891;;;;;;
2026;Deputado Estadual;SANTA ROSA DE LIMA;4;1677;0.23852117;0.00991891;;;;;;
2026;Deputado Estadual;TAIÓ;4;11166;0.03582303;0.00991891;;;;;;
2026;Deputado Estadual;ABDON BATISTA;3;2129;0.14091123;0.00743918;;;;;;
2026;Deputado Estadual;ATALANTA;3;2459;0.12200081;0.00743918;;;;;;
2026;Deputado Estadual;CUNHA PORÃ;3;7263;0.04130525;0.00743918;;;;;;
2026;Deputado Estadual;FAXINAL DOS GUEDES;3;6601;0.04544766;0.00743918;;;;;;
2026;Deputado Estadual;GALVÃO;3;2116;0.14177694;0.00743918;;;;;;
2026;Deputado Estadual;GUARUJÁ DO SUL;3;3021;0.09930487;0.00743918;;;;;;
2026;Deputado Estadual;JOSÉ BOITEUX;3;3474;0.08635579;0.00743918;;;;;;
2026;Deputado Estadual;LAJEADO GRANDE;3;1280;0.234375;0.00743918;;;;;;
2026;Deputado Estadual;NOVA ERECHIM;3;3148;0.0952986;0.00743918;;;;;;
2026;Deputado Estadual;PAINEL;3;2048;0.14648438;0.00743918;;;;;;
2026;Deputado Estadual;PLANALTO ALEGRE;3;2313;0.12970169;0.00743918;;;;;;
2026;Deputado Estadual;RIO RUFINO;3;1962;0.1529052;0.00743918;;;;;;
2026;Deputado Estadual;SALETE;3;5135;0.05842259;0.00743918;;;;;;
2026;Deputado Estadual;SANTA ROSA DO SUL;3;6006;0.04995005;0.00743918;;;;;;
2026;Deputado Estadual;SANTA TEREZINHA;3;5085;0.05899705;0.00743918;;;;;;
2026;Deputado Estadual;TIMBÉ DO SUL;3;3721;0.08062349;0.00743918;;;;;;
2026;Deputado Estadual;TIMBÓ GRANDE;3;4089;0.07336757;0.00743918;;;;;;
2026;Deputado Estadual;VIDAL RAMOS;3;4314;0.06954103;0.00743918;;;;;;
2026;Deputado Estadual;ALTO BELA VISTA;2;1422;0.14064698;0.00495946;;;;;;
2026;Deputado Estadual;ARROIO TRINTA;2;2506;0.07980846;0.00495946;;;;;;
2026;Deputado Estadual;DESCANSO;2;5799;0.0344887;0.00495946;;;;;;
2026;Deputado Estadual;DONA EMMA;2;2692;0.07429421;0.00495946;;;;;;
2026;Deputado Estadual;GRÃO-PARÁ;2;4669;0.04283572;0.00495946;;;;;;
2026;Deputado Estadual;IMBUIA;2;4237;0.04720321;0.00495946;;;;;;
2026;Deputado Estadual;IRACEMINHA;2;3105;0.06441224;0.00495946;;;;;;
2026;Deputado Estadual;LINDÓIA DO SUL;2;2835;0.07054674;0.00495946;;;;;;
2026;Deputado Estadual;MAJOR GERCINO;2;2391;0.08364701;0.00495946;;;;;;
2026;Deputado Estadual;MORRO GRANDE;2;2253;0.08877053;0.00495946;;;;;;
2026;Deputado Estadual;PONTE ALTA;2;3080;0.06493506;0.00495946;;;;;;
2026;Deputado Estadual;QUILOMBO;2;6173;0.03239916;0.00495946;;;;;;
2026;Deputado Estadual;RIQUEZA;2;3120;0.06410256;0.00495946;;;;;;
2026;Deputado Estadual;SALTINHO;2;2433;0.08220304;0.00495946;;;;;;
2026;Deputado Estadual;SANTA TEREZINHA DO PROGRESSO;2;1864;0.10729614;0.00495946;;;;;;
2026;Deputado Estadual;SÃO DOMINGOS;2;5563;0.03595182;0.00495946;;;;;;
2026;Deputado Estadual;SÃO JOÃO DO OESTE;2;4246;0.04710316;0.00495946;;;;;;
2026;Deputado Estadual;UNIÃO DO OESTE;2;1949;0.10261673;0.00495946;;;;;;
2026;Deputado Estadual;VARGEM BONITA;2;3039;0.06581112;0.00495946;;;;;;
2026;Deputado Estadual;VITOR MEIRELES;2;3535;0.05657709;0.00495946;;;;;;
2026;Deputado Estadual;XAVANTINA;2;2747;0.0728067;0.00495946;;;;;;
2026;Deputado Estadual;AGRONÔMICA;1;3827;0.02613013;0.00247973;;;;;;
2026;Deputado Estadual;ARABUTÃ;1;3209;0.03116236;0.00247973;;;;;;
2026;Deputado Estadual;BANDEIRANTE;1;2328;0.04295533;0.00247973;;;;;;
2026;Deputado Estadual;BOCAINA DO SUL;1;2617;0.03821169;0.00247973;;;;;;
2026;Deputado Estadual;BOM JARDIM DA SERRA;1;2913;0.03432887;0.00247973;;;;;;
2026;Deputado Estadual;BOM JESUS;1;2094;0.04775549;0.00247973;;;;;;
2026;Deputado Estadual;BRAÇO DO TROMBUDO;1;2738;0.03652301;0.00247973;;;;;;
2026;Deputado Estadual;CALMON;1;2269;0.04407228;0.00247973;;;;;;
2026;Deputado Estadual;CAMPO BELO DO SUL;1;4467;0.02238639;0.00247973;;;;;;
2026;Deputado Estadual;CORDILHEIRA ALTA;1;3284;0.03045067;0.00247973;;;;;;
2026;Deputado Estadual;CUNHATAÍ;1;1564;0.06393862;0.00247973;;;;;;
2026;Deputado Estadual;ERMO;1;2254;0.04436557;0.00247973;;;;;;
2026;Deputado Estadual;FLOR DO SERTÃO;1;1378;0.07256894;0.00247973;;;;;;
2026;Deputado Estadual;IPUAÇU;1;4295;0.02328289;0.00247973;;;;;;
2026;Deputado Estadual;LACERDÓPOLIS;1;1629;0.06138735;0.00247973;;;;;;
2026;Deputado Estadual;MONTE CASTELO;1;5171;0.01933862;0.00247973;;;;;;
2026;Deputado Estadual;PALMEIRA;1;2563;0.03901678;0.00247973;;;;;;
2026;Deputado Estadual;PARAÍSO;1;2716;0.03681885;0.00247973;;;;;;
2026;Deputado Estadual;PASSOS MAIA;1;2585;0.03868472;0.00247973;;;;;;
2026;Deputado Estadual;PONTE ALTA DO NORTE;1;1851;0.05402485;0.00247973;;;;;;
2026;Deputado Estadual;PRINCESA;1;2061;0.04852014;0.00247973;;;;;;
2026;Deputado Estadual;RIO DO CAMPO;1;4517;0.02213859;0.00247973;;;;;;
2026;Deputado Estadual;RIO DO OESTE;1;4868;0.02054232;0.00247973;;;;;;
2026;Deputado Estadual;SERRA ALTA;1;2344;0.04266212;0.00247973;;;;;;
2026;Deputado Estadual;SÃO CRISTÓVÃO DO SUL;1;2480;0.04032258;0.00247973;;;;;;
2026;Deputado Estadual;TIGRINHOS;1;1594;0.06273526;0.00247973;;;;;;
2026;Deputado Estadual;TUNÁPOLIS;1;3385;0.0295421;0.00247973;;;;;;
2026;Deputado Estadual;URUPEMA;1;1936;0.05165289;0.00247973;;;;;;
2026;Deputado Estadual;ÁGUAS DE CHAPECÓ;1;3513;0.0284657;0.00247973;;;;;;
2026;Deputado Estadual;ÁGUAS FRIAS;1;2152;0.0464684;0.00247973;;;;;;
2026;Deputado Estadual;ARVOREDO;0;2121;0.0;0.0;;;;;;
2026;Deputado Estadual;BARRA BONITA;0;1452;0.0;0.0;;;;;;
2026;Deputado Estadual;BELA VISTA DO TOLDO;0;4092;0.0;0.0;;;;;;
2026;Deputado Estadual;BELMONTE;0;1911;0.0;0.0;;;;;;
2026;Deputado Estadual;BOM JESUS DO OESTE;0;1549;0.0;0.0;;;;;;
2026;Deputado Estadual;CAXAMBU DO SUL;0;3532;0.0;0.0;;;;;;
2026;Deputado Estadual;CHAPADÃO DO LAGEADO;0;2294;0.0;0.0;;;;;;
2026;Deputado Estadual;CORONEL MARTINS;0;1600;0.0;0.0;;;;;;
2026;Deputado Estadual;DOUTOR PEDRINHO;0;2400;0.0;0.0;;;;;;
2026;Deputado Estadual;ENTRE RIOS;0;2489;0.0;0.0;;;;;;
2026;Deputado Estadual;FORMOSA DO SUL;0;2005;0.0;0.0;;;;;;
2026;Deputado Estadual;FREI ROGÉRIO;0;1773;0.0;0.0;;;;;;
2026;Deputado Estadual;IPIRA;0;3101;0.0;0.0;;;;;;
2026;Deputado Estadual;IRATI;0;1584;0.0;0.0;;;;;;
2026;Deputado Estadual;IRINEÓPOLIS;0;6407;0.0;0.0;;;;;;
2026;Deputado Estadual;JARDINÓPOLIS;0;1399;0.0;0.0;;;;;;
2026;Deputado Estadual;JUPIÁ;0;1785;0.0;0.0;;;;;;
2026;Deputado Estadual;MACIEIRA;0;1820;0.0;0.0;;;;;;
2026;Deputado Estadual;MAREMA;0;1788;0.0;0.0;;;;;;
2026;Deputado Estadual;MATOS COSTA;0;1748;0.0;0.0;;;;;;
2026;Deputado Estadual;MIRIM DOCE;0;1871;0.0;0.0;;;;;;
2026;Deputado Estadual;NOVA ITABERABA;0;3262;0.0;0.0;;;;;;
2026;Deputado Estadual;NOVO HORIZONTE;0;2046;0.0;0.0;;;;;;
2026;Deputado Estadual;OURO VERDE;0;1632;0.0;0.0;;;;;;
2026;Deputado Estadual;PAIAL;0;1578;0.0;0.0;;;;;;
2026;Deputado Estadual;PERITIBA;0;2444;0.0;0.0;;;;;;
2026;Deputado Estadual;PRESIDENTE CASTELLO BRANCO;0;1431;0.0;0.0;;;;;;
2026;Deputado Estadual;PRESIDENTE NEREU;0;1750;0.0;0.0;;;;;;
2026;Deputado Estadual;ROMELÂNDIA;0;3227;0.0;0.0;;;;;;
2026;Deputado Estadual;SALTO VELOSO;0;2648;0.0;0.0;;;;;;
2026;Deputado Estadual;SANTA HELENA;0;1821;0.0;0.0;;;;;;
2026;Deputado Estadual;SANTIAGO DO SUL;0;1209;0.0;0.0;;;;;;
2026;Deputado Estadual;SUL BRASIL;0;2033;0.0;0.0;;;;;;
2026;Deputado Estadual;SÃO MIGUEL DA BOA VISTA;0;1360;0.0;0.0;;;;;;
2026;Deputado Estadual;TREVISO;0;3087;0.0;0.0;;;;;;
2026;Deputado Estadual;VARGEÃO;0;2205;0.0;0.0;;;;;;
2026;Deputado Estadual;WITMARSUM;0;2821;0.0;0.0;;;;;;
